"full name","phone","email","age","expirience","yerly income","hase children","License states","Expiration date", "License number"
"jon Dou","+12345867888","CheCho","30","25","1300.00","4","bromx","fdsf","sdfsd"
"joan Rave","+18885523648","to@mail.com","12","4","1200","0","bromx","fdsf","sdfsd"
"Sergey Ivanov","+15242221421","boba@yande.net","18","446","2100","3","bromx","fdsf","sdfsd"
"Booba Snith","+1555221122337","234@yahoo.com","28","8","2100.00","1","bromx","fdsf","sdfsd"
"Poul","+1555221122337","zero@yahoo.com","17","33","2002","","bromx","fdsf","sdfsd"
"Cho CHo","+1555221122337","alpha34@yahoo.com","19","2","1100.00","2","bromx","fdsf","sdfsd"
"john ivanovich","+151115555111","bloom@yahoo.com","4","2900","21","2","bromx","fdsf","sdfsd"
"joe Pesh","+1555221122337","ghsbs@mail.com","17","446","3200","1","bromx","fdsf","sdfsd"
"alex Grid","+1555221122337","alexto@mail.com","58","4","1700","","bromx","fdsf","sdfsd"
"Sergio Ramos","+1555221122337","totolia@mail.com","33","6","7888","2","bromx","fdsf","sdfsd"
"john Peack","+151115555111","19to@mail.com","45","52","2000","7","bromx","fdsf","sdfsd"
"Ivan Dou","+1555221122337","iva_d@yande.net","47","44 ","21000","5","bromx","fdsf","sdfsd"
"Bilbo Torbins","+151115555111","bort317@yandex.net","35","7","1600","0","bromx","fdsf","sdfsd"
"Cartuch","+1555221122337","1flck@yande.fr","22","6","2199.00","3","bromx","fdsf","sdfsd"
"che Goy","+1555221122337","che@yande.fr","27","56","2120012.","","bromx","fdsf","sdfsd"
"Caroling devon","+1555221122337","flck@yande.fr","18","5","22220","4","bromx","fdsf","sdfsd"
"Pirs Bor","+151115555111","pirs-b@yande.fr","15","4","885","","bromx","fdsf","sdfsd"
"Toni Di Notho","+15552212547","antony@ya.net","20","6","899","1","bromx","fdsf","sdfsd"
"joan Wailder","+1555225252337","19@yande.fr","21","46","1555","","bromx","fdsf","sdfsd"